SQL> SELECT *
  2  FROM EMP;

     EMPNO ENAME      JOB              MGR HIREDATE         SAL       COMM      
---------- ---------- --------- ---------- --------- ---------- ----------      
    DEPTNO                                                                      
----------                                                                      
      7369 SMITH      CLERK           7902 17-DEC-80        800                 
        20                                                                      
                                                                                
      7499 ALLEN      SALESMAN        7698 20-FEB-81       1600        300      
        30                                                                      
                                                                                
      7521 WARD       SALESMAN        7698 22-FEB-81       1250        500      
        30                                                                      
                                                                                

     EMPNO ENAME      JOB              MGR HIREDATE         SAL       COMM      
---------- ---------- --------- ---------- --------- ---------- ----------      
    DEPTNO                                                                      
----------                                                                      
      7566 JONES      MANAGER         7839 02-APR-81       2975                 
        20                                                                      
                                                                                
      7654 MARTIN     SALESMAN        7698 28-SEP-81       1250       1400      
        30                                                                      
                                                                                
      7698 BLAKE      MANAGER         7839 01-MAY-81       2850                 
        30                                                                      
                                                                                

     EMPNO ENAME      JOB              MGR HIREDATE         SAL       COMM      
---------- ---------- --------- ---------- --------- ---------- ----------      
    DEPTNO                                                                      
----------                                                                      
      7782 CLARK      MANAGER         7839 09-JUN-81       2450                 
        10                                                                      
                                                                                
      7788 SCOTT      ANALYST         7566 19-APR-87       3000                 
        20                                                                      
                                                                                
      7839 KING       PRESIDENT            17-NOV-81       5000                 
        10                                                                      
                                                                                

     EMPNO ENAME      JOB              MGR HIREDATE         SAL       COMM      
---------- ---------- --------- ---------- --------- ---------- ----------      
    DEPTNO                                                                      
----------                                                                      
      7844 TURNER     SALESMAN        7698 08-SEP-81       1500          0      
        30                                                                      
                                                                                
      7876 ADAMS      CLERK           7788 23-MAY-87       1100                 
        20                                                                      
                                                                                
      7900 JAMES      CLERK           7698 03-DEC-81        950                 
        30                                                                      
                                                                                

     EMPNO ENAME      JOB              MGR HIREDATE         SAL       COMM      
---------- ---------- --------- ---------- --------- ---------- ----------      
    DEPTNO                                                                      
----------                                                                      
      7902 FORD       ANALYST         7566 03-DEC-81       3000                 
        20                                                                      
                                                                                
      7934 MILLER     CLERK           7782 23-JAN-82       1300                 
        10                                                                      
                                                                                

14 rows selected.

SQL> SET PAGES 200 LINES 200
SQL> SELECT *
  2  FROM EMP;

     EMPNO ENAME      JOB              MGR HIREDATE         SAL       COMM     DEPTNO                                                                                                                   
---------- ---------- --------- ---------- --------- ---------- ---------- ----------                                                                                                                   
      7369 SMITH      CLERK           7902 17-DEC-80        800                    20                                                                                                                   
      7499 ALLEN      SALESMAN        7698 20-FEB-81       1600        300         30                                                                                                                   
      7521 WARD       SALESMAN        7698 22-FEB-81       1250        500         30                                                                                                                   
      7566 JONES      MANAGER         7839 02-APR-81       2975                    20                                                                                                                   
      7654 MARTIN     SALESMAN        7698 28-SEP-81       1250       1400         30                                                                                                                   
      7698 BLAKE      MANAGER         7839 01-MAY-81       2850                    30                                                                                                                   
      7782 CLARK      MANAGER         7839 09-JUN-81       2450                    10                                                                                                                   
      7788 SCOTT      ANALYST         7566 19-APR-87       3000                    20                                                                                                                   
      7839 KING       PRESIDENT            17-NOV-81       5000                    10                                                                                                                   
      7844 TURNER     SALESMAN        7698 08-SEP-81       1500          0         30                                                                                                                   
      7876 ADAMS      CLERK           7788 23-MAY-87       1100                    20                                                                                                                   
      7900 JAMES      CLERK           7698 03-DEC-81        950                    30                                                                                                                   
      7902 FORD       ANALYST         7566 03-DEC-81       3000                    20                                                                                                                   
      7934 MILLER     CLERK           7782 23-JAN-82       1300                    10                                                                                                                   

14 rows selected.

SQL> SELECT *
  2  FROM E;
FROM E
     *
ERROR at line 2:
ORA-00942: table or view does not exist 


SQL> EDIT
Wrote file afiedt.buf

  1  SELECT ENAME, SAL*12 ANUALL_SAL
  2* FROM EMP
SQL> /

ENAME      ANUALL_SAL                                                                                                                                                                                   
---------- ----------                                                                                                                                                                                   
SMITH            9600                                                                                                                                                                                   
ALLEN           19200                                                                                                                                                                                   
WARD            15000                                                                                                                                                                                   
JONES           35700                                                                                                                                                                                   
MARTIN          15000                                                                                                                                                                                   
BLAKE           34200                                                                                                                                                                                   
CLARK           29400                                                                                                                                                                                   
SCOTT           36000                                                                                                                                                                                   
KING            60000                                                                                                                                                                                   
TURNER          18000                                                                                                                                                                                   
ADAMS           13200                                                                                                                                                                                   
JAMES           11400                                                                                                                                                                                   
FORD            36000                                                                                                                                                                                   
MILLER          15600                                                                                                                                                                                   

14 rows selected.

SQL> SELECT ENAME,JOB, SAL*6 HALF_TERM
  2  FROM EMP;

ENAME      JOB        HALF_TERM                                                                                                                                                                         
---------- --------- ----------                                                                                                                                                                         
SMITH      CLERK           4800                                                                                                                                                                         
ALLEN      SALESMAN        9600                                                                                                                                                                         
WARD       SALESMAN        7500                                                                                                                                                                         
JONES      MANAGER        17850                                                                                                                                                                         
MARTIN     SALESMAN        7500                                                                                                                                                                         
BLAKE      MANAGER        17100                                                                                                                                                                         
CLARK      MANAGER        14700                                                                                                                                                                         
SCOTT      ANALYST        18000                                                                                                                                                                         
KING       PRESIDENT      30000                                                                                                                                                                         
TURNER     SALESMAN        9000                                                                                                                                                                         
ADAMS      CLERK           6600                                                                                                                                                                         
JAMES      CLERK           5700                                                                                                                                                                         
FORD       ANALYST        18000                                                                                                                                                                         
MILLER     CLERK           7800                                                                                                                                                                         

14 rows selected.

SQL> SELECT EMP.*, (SAL*12) + 2000 AS BONUS_SAL
  2  FROM EMP;

     EMPNO ENAME      JOB              MGR HIREDATE         SAL       COMM     DEPTNO  BONUS_SAL                                                                                                        
---------- ---------- --------- ---------- --------- ---------- ---------- ---------- ----------                                                                                                        
      7369 SMITH      CLERK           7902 17-DEC-80        800                    20      11600                                                                                                        
      7499 ALLEN      SALESMAN        7698 20-FEB-81       1600        300         30      21200                                                                                                        
      7521 WARD       SALESMAN        7698 22-FEB-81       1250        500         30      17000                                                                                                        
      7566 JONES      MANAGER         7839 02-APR-81       2975                    20      37700                                                                                                        
      7654 MARTIN     SALESMAN        7698 28-SEP-81       1250       1400         30      17000                                                                                                        
      7698 BLAKE      MANAGER         7839 01-MAY-81       2850                    30      36200                                                                                                        
      7782 CLARK      MANAGER         7839 09-JUN-81       2450                    10      31400                                                                                                        
      7788 SCOTT      ANALYST         7566 19-APR-87       3000                    20      38000                                                                                                        
      7839 KING       PRESIDENT            17-NOV-81       5000                    10      62000                                                                                                        
      7844 TURNER     SALESMAN        7698 08-SEP-81       1500          0         30      20000                                                                                                        
      7876 ADAMS      CLERK           7788 23-MAY-87       1100                    20      15200                                                                                                        
      7900 JAMES      CLERK           7698 03-DEC-81        950                    30      13400                                                                                                        
      7902 FORD       ANALYST         7566 03-DEC-81       3000                    20      38000                                                                                                        
      7934 MILLER     CLERK           7782 23-JAN-82       1300                    10      17600                                                                                                        

14 rows selected.

SQL> SELECT NAME, SAL, SAL*1.5 AS SAL_HIKE
  2  FROM EMP;
SELECT NAME, SAL, SAL*1.5 AS SAL_HIKE
       *
ERROR at line 1:
ORA-00904: "NAME": invalid identifier 


SQL> EDIT
Wrote file afiedt.buf

  1  SELECT ENAME, SAL, SAL*1.5 AS SAL_HIKE
  2* FROM EMP
SQL> /

ENAME             SAL   SAL_HIKE                                                                                                                                                                        
---------- ---------- ----------                                                                                                                                                                        
SMITH             800       1200                                                                                                                                                                        
ALLEN            1600       2400                                                                                                                                                                        
WARD             1250       1875                                                                                                                                                                        
JONES            2975     4462.5                                                                                                                                                                        
MARTIN           1250       1875                                                                                                                                                                        
BLAKE            2850       4275                                                                                                                                                                        
CLARK            2450       3675                                                                                                                                                                        
SCOTT            3000       4500                                                                                                                                                                        
KING             5000       7500                                                                                                                                                                        
TURNER           1500       2250                                                                                                                                                                        
ADAMS            1100       1650                                                                                                                                                                        
JAMES             950       1425                                                                                                                                                                        
FORD             3000       4500                                                                                                                                                                        
MILLER           1300       1950                                                                                                                                                                        

14 rows selected.

SQL> SELECT SAL+COMM AS TOTAL_SAL
  2  FROM EMP;

 TOTAL_SAL                                                                                                                                                                                              
----------                                                                                                                                                                                              
                                                                                                                                                                                                        
      1900                                                                                                                                                                                              
      1750                                                                                                                                                                                              
                                                                                                                                                                                                        
      2650                                                                                                                                                                                              
                                                                                                                                                                                                        
                                                                                                                                                                                                        
                                                                                                                                                                                                        
                                                                                                                                                                                                        
      1500                                                                                                                                                                                              
                                                                                                                                                                                                        
                                                                                                                                                                                                        
                                                                                                                                                                                                        
                                                                                                                                                                                                        

14 rows selected.

SQL> SELECT ENAME, SAL*0.75 AS DEDUCTION_SAL
  2  FROM EMP;

ENAME      DEDUCTION_SAL                                                                                                                                                                                
---------- -------------                                                                                                                                                                                
SMITH                600                                                                                                                                                                                
ALLEN               1200                                                                                                                                                                                
WARD               937.5                                                                                                                                                                                
JONES            2231.25                                                                                                                                                                                
MARTIN             937.5                                                                                                                                                                                
BLAKE             2137.5                                                                                                                                                                                
CLARK             1837.5                                                                                                                                                                                
SCOTT               2250                                                                                                                                                                                
KING                3750                                                                                                                                                                                
TURNER              1125                                                                                                                                                                                
ADAMS                825                                                                                                                                                                                
JAMES              712.5                                                                                                                                                                                
FORD                2250                                                                                                                                                                                
MILLER               975                                                                                                                                                                                

14 rows selected.

SQL> EDIT
Wrote file afiedt.buf

  1  SELECT ENAME, (SAL*12)*0.75 AS DEDUCTION_SAL
  2* FROM EMP
SQL> /

ENAME      DEDUCTION_SAL                                                                                                                                                                                
---------- -------------                                                                                                                                                                                
SMITH               7200                                                                                                                                                                                
ALLEN              14400                                                                                                                                                                                
WARD               11250                                                                                                                                                                                
JONES              26775                                                                                                                                                                                
MARTIN             11250                                                                                                                                                                                
BLAKE              25650                                                                                                                                                                                
CLARK              22050                                                                                                                                                                                
SCOTT              27000                                                                                                                                                                                
KING               45000                                                                                                                                                                                
TURNER             13500                                                                                                                                                                                
ADAMS               9900                                                                                                                                                                                
JAMES               8550                                                                                                                                                                                
FORD               27000                                                                                                                                                                                
MILLER             11700                                                                                                                                                                                

14 rows selected.

SQL> SELECT ENAME, SAL+50
  2  FROM EMP;

ENAME          SAL+50                                                                                                                                                                                   
---------- ----------                                                                                                                                                                                   
SMITH             850                                                                                                                                                                                   
ALLEN            1650                                                                                                                                                                                   
WARD             1300                                                                                                                                                                                   
JONES            3025                                                                                                                                                                                   
MARTIN           1300                                                                                                                                                                                   
BLAKE            2900                                                                                                                                                                                   
CLARK            2500                                                                                                                                                                                   
SCOTT            3050                                                                                                                                                                                   
KING             5050                                                                                                                                                                                   
TURNER           1550                                                                                                                                                                                   
ADAMS            1150                                                                                                                                                                                   
JAMES            1000                                                                                                                                                                                   
FORD             3050                                                                                                                                                                                   
MILLER           1350                                                                                                                                                                                   

14 rows selected.

SQL> SELECT ENAME, (SAL*12)*0.9 AS DEDUCTED_SAL
  2  FROM EMP;

ENAME      DEDUCTED_SAL                                                                                                                                                                                 
---------- ------------                                                                                                                                                                                 
SMITH              8640                                                                                                                                                                                 
ALLEN             17280                                                                                                                                                                                 
WARD              13500                                                                                                                                                                                 
JONES             32130                                                                                                                                                                                 
MARTIN            13500                                                                                                                                                                                 
BLAKE             30780                                                                                                                                                                                 
CLARK             26460                                                                                                                                                                                 
SCOTT             32400                                                                                                                                                                                 
KING              54000                                                                                                                                                                                 
TURNER            16200                                                                                                                                                                                 
ADAMS             11880                                                                                                                                                                                 
JAMES             10260                                                                                                                                                                                 
FORD              32400                                                                                                                                                                                 
MILLER            14040                                                                                                                                                                                 

14 rows selected.

SQL> SELECT EMP.*, SAL*12 AS ANUALL_SAL
  2  FROM EMP;

     EMPNO ENAME      JOB              MGR HIREDATE         SAL       COMM     DEPTNO ANUALL_SAL                                                                                                        
---------- ---------- --------- ---------- --------- ---------- ---------- ---------- ----------                                                                                                        
      7369 SMITH      CLERK           7902 17-DEC-80        800                    20       9600                                                                                                        
      7499 ALLEN      SALESMAN        7698 20-FEB-81       1600        300         30      19200                                                                                                        
      7521 WARD       SALESMAN        7698 22-FEB-81       1250        500         30      15000                                                                                                        
      7566 JONES      MANAGER         7839 02-APR-81       2975                    20      35700                                                                                                        
      7654 MARTIN     SALESMAN        7698 28-SEP-81       1250       1400         30      15000                                                                                                        
      7698 BLAKE      MANAGER         7839 01-MAY-81       2850                    30      34200                                                                                                        
      7782 CLARK      MANAGER         7839 09-JUN-81       2450                    10      29400                                                                                                        
      7788 SCOTT      ANALYST         7566 19-APR-87       3000                    20      36000                                                                                                        
      7839 KING       PRESIDENT            17-NOV-81       5000                    10      60000                                                                                                        
      7844 TURNER     SALESMAN        7698 08-SEP-81       1500          0         30      18000                                                                                                        
      7876 ADAMS      CLERK           7788 23-MAY-87       1100                    20      13200                                                                                                        
      7900 JAMES      CLERK           7698 03-DEC-81        950                    30      11400                                                                                                        
      7902 FORD       ANALYST         7566 03-DEC-81       3000                    20      36000                                                                                                        
      7934 MILLER     CLERK           7782 23-JAN-82       1300                    10      15600                                                                                                        

14 rows selected.

SQL> SELECT ENAME, JOB, SAL +100 AS SAL_WITH_PENEALTY
  2  FROM EMP;

ENAME      JOB       SAL_WITH_PENEALTY                                                                                                                                                                  
---------- --------- -----------------                                                                                                                                                                  
SMITH      CLERK                   900                                                                                                                                                                  
ALLEN      SALESMAN               1700                                                                                                                                                                  
WARD       SALESMAN               1350                                                                                                                                                                  
JONES      MANAGER                3075                                                                                                                                                                  
MARTIN     SALESMAN               1350                                                                                                                                                                  
BLAKE      MANAGER                2950                                                                                                                                                                  
CLARK      MANAGER                2550                                                                                                                                                                  
SCOTT      ANALYST                3100                                                                                                                                                                  
KING       PRESIDENT              5100                                                                                                                                                                  
TURNER     SALESMAN               1600                                                                                                                                                                  
ADAMS      CLERK                  1200                                                                                                                                                                  
JAMES      CLERK                  1050                                                                                                                                                                  
FORD       ANALYST                3100                                                                                                                                                                  
MILLER     CLERK                  1400                                                                                                                                                                  

14 rows selected.

SQL> SPOOL OFF;
